,FEDOT_Classic,FEDOT_MAB
nomao,2191.882336764286,5034.101227796326
segment,6299.151968066891,1100.9717687927186
